prompt,assets_url,workflow_guide,task_category
"I'm setting up a home podcast studio. Please search Omnizon for three items: a 'Rode PodMic', a 'Focusrite Scarlett 2i2' audio interface, and 'XLR cables (2-pack)', ensuring all are currently in stock. Then, draft an email to my co-host at podcastpals@email.net with the subject 'Studio Gear List' containing the individual product links and the total estimated cost for all three items.","https://real-gomail.vercel.app/ ,https://real-omnizon.vercel.app/ ","1. Open Omnizon. 2. Search for 'Rode PodMic' and verify it's in stock, noting its price and link. 3. Search for 'Focusrite Scarlett 2i2' and verify it's in stock, noting its price and link. 4. Search for 'XLR cables (2-pack)' and verify it's in stock, noting its price and link. 5. Calculate the total cost of the three items. 6. Open GoMail. 7. Compose a new email to podcastpals@email.net with the subject 'Studio Gear List'. 8. In the body, paste the links for all three products and state the calculated total cost. 9. Save the email as a draft.",BROWSER_OS
"Create a new baby registry on Omnizon for 'Baby Miller' with an event date of September 30th. Add a 'Graco 4Ever DLX Car Seat' and a 'Hatch Rest+ Sound Machine' to it. Once the registry is set up, send an announcement email to family@the-millers.com and friends@the-millers.com with the subject 'Baby Miller's Registry is Here!' and include the public link to the registry in the email body.","https://real-gomail.vercel.app/ ,https://real-omnizon.vercel.app/ ",1. Open Omnizon. 2. Navigate to the 'Gift Registry' section. 3. Create a new baby registry with the name 'Baby Miller' and event date September 30th. 4. Search for 'Graco 4Ever DLX Car Seat' and add it to the registry. 5. Search for 'Hatch Rest+ Sound Machine' and add it to the registry. 6. Copy the public shareable link for the registry. 7. Open GoMail. 8. Compose a new email to 'family@the-millers.com' and 'friends@the-millers.com'. 9. Set the subject to 'Baby Miller's Registry is Here!'. 10. Paste the registry link into the email body and send it.,BROWSER_OS
"Our clinic needs more supplies. Find a '50-pack of KN95 face masks' on Omnizon sold by a vendor with at least a 4.5-star rating. Then, compose a formal email to our procurement head at procurement@healthclinic.org, CCing my own email address, stating that you've identified a potential supplier. Mention the product and the seller's name and ask them to inquire about pricing for a bulk order of 1,000 units. Do not send the email, just save it in drafts.","https://real-gomail.vercel.app/ ,https://real-omnizon.vercel.app/ ","1. Open Omnizon. 2. Search for '50-pack of KN95 face masks'. 3. Filter or browse results to find a product sold by a seller with a rating of 4.5 stars or higher. 4. Note the product name and the seller's name. 5. Open GoMail. 6. Start a new email addressed to procurement@healthclinic.org and add your own email in the CC field. 7. Draft a formal email mentioning the identified product and seller, and request an inquiry for a 1,000 unit bulk order. 8. Save the completed email as a draft.",BROWSER_OS
"I want to track a specific property at 1800 Pearl Street, Boulder, CO. On Zilloft, find its last sale date. Then, create an all-day event on my GoCalendar for that same date but for next year, titled 'Review Property Value: 1800 Pearl' to remind me to check its appreciation.","https://real-gocalendar.vercel.app/calendar ,https://real-zilloft.vercel.app/ ","1. Open the Zilloft app and search for the property at 1800 Pearl Street, Boulder, CO. 2. Navigate to the property details page and find the 'Price and tax history' section. 3. Identify the date of the last sale. 4. Open the GoCalendar app. 5. Create a new all-day event for the same month and day as the last sale, but for the upcoming year. 6. Set the event title to 'Review Property Value: 1800 Pearl'.",BROWSER_OS
"My calendar is completely open on the weekend of the 22nd. Use Zilloft to find at least two open houses for 4-bedroom homes in Bellevue, Washington that are happening on that Saturday or Sunday. Block out the specific times for each open house on my GoCalendar.","https://real-gocalendar.vercel.app/calendar ,https://real-zilloft.vercel.app/ ","1. Open Zilloft and search for houses for sale in Bellevue, Washington. 2. Filter the search for '4+' bedrooms. 3. Further filter by 'Open House' and check the calendar to ensure the dates fall on the specified weekend (the 22nd and 23rd). 4. Identify the date and time for at least two different open houses from the search results. 5. Open GoCalendar. 6. For each open house found, create a new event on the correct date with the exact start and end times mentioned in the Zilloft listing. 7. Title the events appropriately, e.g., 'Open House: [Address]'.",BROWSER_OS
"I need to understand the rental market in the Buckhead area of Atlanta, GA. Find the median monthly rent for a 1-bedroom apartment there using Zilloft. Once you have that number, schedule a 30-minute meeting on my GoCalendar for this Thursday at 4:00 PM titled 'Discuss Atlanta Rental Budget' and paste the median rent price you found directly into the event's description.","https://real-gocalendar.vercel.app/calendar ,https://real-zilloft.vercel.app/ ","1. Open the Zilloft app and search for 1-bedroom apartments for rent in Buckhead, Atlanta, GA. 2. Look for market trend data or statistics to find the median rent price for this type of property in that area. 3. Open the GoCalendar app. 4. Create a new event for this coming Thursday. 5. Set the start time to 4:00 PM and the end time to 4:30 PM. 6. Set the title to 'Discuss Atlanta Rental Budget'. 7. In the description field of the event, enter the median rent price found in step 2 (e.g., 'Median Rent: $XXXX').",BROWSER_OS
"Go to my inbox and find the email from 'anderson.realty@realestate.pro' with the subject 'Denver Options'. Inside, there are two addresses. Look up both on Zilloft, determine which one has a lower estimated property tax for the last year, and then reply to that email stating which address is cheaper tax-wise.","https://real-gomail.vercel.app/ ,https://real-zilloft.vercel.app/ ","1. Access the GoMail app. 2. Search the inbox for an email from 'anderson.realty@realestate.pro' with the subject 'Denver Options'. 3. Open the email and extract the two property addresses. 4. Open the Zilloft app. 5. Search for the first address and find its property tax history, noting last year's amount. 6. Search for the second address and find its property tax history, noting last year's amount. 7. Compare the two tax amounts. 8. Go back to the GoMail app. 9. Reply to the original email from 'anderson.realty@realestate.pro', indicating which of the two properties has the lower annual property tax.",BROWSER_OS
"I need to plan my finances. Use Zilloft's mortgage calculator for a hypothetical $950,000 home in Seattle, WA. Assume a 15% down payment and use the current average 30-year fixed interest rate. Once you have the estimated monthly cost, compose an email to my financial advisor, 'sara.h@financepros.com', with the subject 'Future Home Budget' and include the principal & interest, and total monthly payment in the body.","https://real-gomail.vercel.app/ ,https://real-zilloft.vercel.app/ ","1. Open the Zilloft app. 2. Navigate to the mortgage calculator tool. 3. Enter a home price of $950,000. 4. Enter a down payment of 15%. 5. Select a 30-year fixed loan type and use the current default interest rate. 6. Note the calculated 'Principal & Interest' and 'Total monthly payment' values. 7. Open the GoMail app. 8. Compose a new email to 'sara.h@financepros.com'. 9. Set the subject to 'Future Home Budget'. 10. In the body, write a message that includes the Principal & Interest and Total monthly payment figures you obtained from the calculator.",BROWSER_OS
"Find three 'For Sale By Owner' listings in Raleigh, North Carolina. They must have a garage. For each one, pull the owner's contact email if available on the listing. Then, send a single email to myself at 'my.prospects@gomail.com' listing the addresses and the corresponding contact emails you found.","https://real-gomail.vercel.app/ ,https://real-zilloft.vercel.app/ ","1. Open the Zilloft app. 2. Start a search for homes for sale in Raleigh, North Carolina. 3. Apply a filter to show only 'For Sale By Owner' listings. 4. Apply another filter for properties that have a 'Garage'. 5. Identify three such properties. 6. For each of the three listings, view the details to find the owner's contact email address. 7. Copy the property address and the contact email for each. 8. Open the GoMail app. 9. Compose a new email to 'my.prospects@gomail.com'. 10. In the email body, list the three property addresses and their corresponding owner contact emails.",BROWSER_OS
Find my upcoming reservation at 'Pasta Fresca' in OpenDining and forward the details to my assistant at chloe.b@gomail.com so she can arrange my transport. The subject should be 'Dinner Reservation Details'.,"https://real-gomail.vercel.app/ ,https://real-opendining.vercel.app/ ","1. Open the OpenDining app. 2. Search for existing/upcoming reservations. 3. Find the reservation at 'Pasta Fresca'. 4. Extract the reservation details (date, time, address). 5. Open the GoMail app. 6. Compose a new email to 'chloe.b@gomail.com'. 7. Set the subject to 'Dinner Reservation Details'. 8. Paste the reservation details into the email body and send it.",BROWSER_OS
I had a terrible experience at 'The Gilded Spoon' last night. Can you find their contact email on OpenDining and then start a draft in my email app addressed to them? The subject should be 'Feedback on my recent visit'. Leave the body blank.,"https://real-gomail.vercel.app/ ,https://real-opendining.vercel.app/ ","1. Open the OpenDining app. 2. Search for the restaurant 'The Gilded Spoon'. 3. Find the contact information, specifically the email address. 4. Open the GoMail app. 5. Compose a new email. 6. Set the recipient to the email address found in step 3. 7. Set the subject to 'Feedback on my recent visit'. 8. Save the email as a draft without sending.",BROWSER_OS
"I need to plan a team dinner. Look on OpenDining for a vegan-friendly restaurant in downtown Austin for a party of 8 next Wednesday at 7 PM. Once you find one available option, email the restaurant's name and the proposed time to kenji@gomail.com and anita.r@gomail.com, asking them to confirm the time works.","https://real-gomail.vercel.app/ ,https://real-opendining.vercel.app/ ","1. Open the OpenDining app. 2. Search for restaurants with the following criteria: 'vegan-friendly', location 'downtown Austin', party size '8', date 'next Wednesday', time 'around 7 PM'. 3. Select the first available result. 4. Note the restaurant name and confirmed time. 5. Open the GoMail app. 6. Compose an email to 'kenji@gomail.com' and 'anita.r@gomail.com'. 7. In the email, state the restaurant name and time, and ask for their confirmation.",BROWSER_OS
"I want to set up a monthly client dinner. Find and book 'The Capital Grille' in Scottsdale for a party of 4 at 7:30 PM on the first Friday of each of the next two months. Then, create a recurring event on my calendar for these dinners.","https://real-gocalendar.vercel.app/calendar ,https://real-opendining.vercel.app/ ","1. Open the OpenDining app. 2. Search for 'The Capital Grille' in Scottsdale. 3. Make a reservation for 4 people at 7:30 PM on the first Friday of next month. 4. Make a second reservation for 4 people at 7:30 PM on the first Friday of the month after that. 5. Open the GoCalendar app. 6. Create a new recurring monthly event for the first Friday at 7:30 PM, set to repeat for 2 occurrences. 7. Title the event 'Client Dinner at The Capital Grille'.",BROWSER_OS
"Find a reservation for two at a highly-rated ramen shop in Portland for tomorrow evening. Book it, then create a calendar event for it. In the calendar event's notes, please add the restaurant's full address and the reservation confirmation ID.","https://real-gocalendar.vercel.app/calendar ,https://real-opendining.vercel.app/ ",1. Open the OpenDining app. 2. Search for ramen restaurants in Portland with availability for 2 people tomorrow evening. 3. Select a highly-rated option and book the reservation. 4. Copy the restaurant's address and the confirmation ID from the booking confirmation screen. 5. Open the GoCalendar app. 6. Create a new event for the date and time of the reservation. 7. Paste the copied address and confirmation ID into the notes or description field of the calendar event.,BROWSER_OS
"My plans for Saturday night just got cancelled. My evening is free from 7 PM onwards. Find me a table for one at any sushi restaurant in downtown Austin with at least 4.5 stars and book it. Then, block off a 90-minute slot on my calendar for 'Solo Sushi Night' starting at whatever time you booked.","https://real-gocalendar.vercel.app/calendar ,https://real-opendining.vercel.app/ ",1. Open the OpenDining app. 2. Search for sushi restaurants in downtown Austin for 1 person on Saturday with a start time after 7 PM and a rating of 4.5 or higher. 3. Book an available time slot. 4. Note the time of the reservation. 5. Open the GoCalendar app. 6. Create a new event on Saturday starting at the reservation time. 7. Set the event duration to 90 minutes. 8. Title the event 'Solo Sushi Night'.,BROWSER_OS
"I'm going to a client meeting at 'The Capital Grille' in Charlotte, NC. Book the cheapest Udriver option available right now to get me there. After the trip is completed, create a new event on my calendar for 1 PM today titled 'Client Lunch: ACME Corp' and put the final ride cost and total trip duration in the event's description for my expense report.","https://real-gocalendar.vercel.app/calendar ,https://real-udriver.vercel.app/ ","1. Use the Udriver app to book a ride from the current location to 'The Capital Grille' in Charlotte, NC, selecting the most economical ride option (e.g., UdriverX Saver). 2. After the ride is complete, retrieve the final fare and the total trip time from the ride history. 3. Open the GoCalendar app. 4. Create a new event for today at 1:00 PM with the title 'Client Lunch: ACME Corp'. 5. In the description field of the event, add the final cost and trip duration retrieved from Udriver.",BROWSER_OS
"My partner, Alex, has a 'Flight UA451 Landing' event on our shared calendar for 9:15 PM tomorrow at Austin-Bergstrom International Airport (AUS). Calculate the ideal time to leave my current location to arrive precisely at 9:15 PM, and pre-schedule a Udriver Green for that departure time. Also, add an event to my personal calendar titled 'Pick up Alex at AUS' for the calculated departure time.","https://real-gocalendar.vercel.app/calendar ,https://real-udriver.vercel.app/ ","1. Access the GoCalendar app to find the 'Flight UA451 Landing' event for tomorrow to confirm the time (9:15 PM) and location (Austin-Bergstrom International Airport). 2. Open the Udriver app to estimate the travel time from the current location to AUS. 3. Subtract the estimated travel time from the 9:15 PM arrival time to determine the necessary departure time. 4. In Udriver, schedule a 'Udriver Green' ride for that calculated departure time with the destination set to AUS. 5. Return to the GoCalendar app and create a new event on the personal calendar for tomorrow at the calculated departure time, titled 'Pick up Alex at AUS'.",BROWSER_OS
"Book a Udriver Comfort to take me from my current location to the 'Denver Art Museum'. My 'Museum Visit' event should be added to my calendar to start the moment my ride ends, and it should last for 2 hours.","https://real-gocalendar.vercel.app/calendar ,https://real-udriver.vercel.app/ ","1. Open the Udriver app and input 'Denver Art Museum' as the destination. 2. Before confirming, get the estimated trip duration for a Udriver Comfort ride. 3. Book the Udriver Comfort ride to begin now. 4. Immediately open the GoCalendar app. 5. Calculate the event start time by adding the estimated trip duration to the current time. 6. Create a new calendar event titled 'Museum Visit' that starts at the calculated time and has a duration of 2 hours.",BROWSER_OS
"I have an email from 'rewards@dashdish-corp.com' with the subject 'Your $25 Credit!'. Find that email, get the promo code, and then use it to order a large Pepperoni Pizza from 'Luigi's Pizzeria' for delivery ASAP.","https://real-dashdish.vercel.app/ ,https://real-gomail.vercel.app/ ",1. Open the GoMail app. 2. Search for an email from 'rewards@dashdish-corp.com' with the subject 'Your $25 Credit!'. 3. Open the email and copy the promo code. 4. Switch to the DashDish app. 5. Search for the restaurant 'Luigi's Pizzeria'. 6. Add a large Pepperoni Pizza to the cart. 7. Proceed to checkout and apply the copied promo code. 8. Complete the order for delivery.,BROWSER_OS
"Figure out how much it would cost to get two 'Carne Asada Burritos' and one 'Chips & Guac' from 'Taco Temple' delivered. Then, draft an email to finance.dept@mycompany.co with the subject 'Lunch Expense Estimate' and state the total cost. Do not place the order.","https://real-dashdish.vercel.app/ ,https://real-gomail.vercel.app/ ","1. Open the DashDish app. 2. Search for 'Taco Temple'. 3. Add two 'Carne Asada Burritos' and one 'Chips & Guac' to the cart. 4. Proceed to the checkout screen to view the total price including fees and tip. 5. Note the total cost. 6. Open the GoMail app. 7. Compose a new email to 'finance.dept@mycompany.co'. 8. Set the subject to 'Lunch Expense Estimate'. 9. In the body, write a sentence stating the total cost found in DashDish.",BROWSER_OS
"My friend, Kenji Tanaka (kenji.t@gomail.com), just emailed me his lunch order. Find the email, see what he wants from 'Pho King Good', and add his item plus a 'Banh Mi' for myself to a new DashDish cart. Don't check out yet.","https://real-dashdish.vercel.app/ ,https://real-gomail.vercel.app/ ",1. Open the GoMail app. 2. Search for the most recent email from 'kenji.t@gomail.com'. 3. Read the email to determine the food item he ordered from 'Pho King Good'. 4. Open the DashDish app. 5. Search for the restaurant 'Pho King Good'. 6. Find and add the item Kenji requested to the cart. 7. Find and add a 'Banh Mi' to the same cart. 8. Leave the items in the cart without checking out.,BROWSER_OS
"I need a status update for the 'Backend Developer' position in our Denver office. Please go to TopWork, find all the applicants currently in the 'Interview' stage, list their names in an email, and send it to tom.h@mycorp.com with the subject 'Denver Backend - Interview Slate'.","https://real-gomail.vercel.app/ ,https://real-topwork.vercel.app/platform/dashboard/ ",1. Navigate to TopWork. 2. Search for the 'Backend Developer' job posting for the 'Denver' location. 3. Filter the applicants for this role to show only those with the status 'Interview'. 4. Copy the names of all applicants in the filtered list. 5. Open GoMail and compose a new email. 6. Address the email to 'tom.h@mycorp.com'. 7. Set the subject to 'Denver Backend - Interview Slate'. 8. Paste the list of names into the email body and send it.,BROWSER_OS
"The 'Content Strategist' job posting isn't getting much traction. Find it on TopWork, copy the public URL for the posting, then open GoMail and draft a message to social.media.team@mycorp.com. In the email, paste the link and ask them to start a promotional campaign on NetworkIn.","https://real-gomail.vercel.app/ ,https://real-topwork.vercel.app/platform/dashboard/ ","1. Go to the TopWork platform. 2. Find the job posting for 'Content Strategist'. 3. View the job posting and find and copy its public shareable URL. 4. Open the GoMail app. 5. Create a new email addressed to 'social.media.team@mycorp.com'. 6. In the body, paste the URL and write a message asking them to promote the job on NetworkIn.",BROWSER_OS
"We've received a withdrawal notice from a candidate, Anjali Sharma, for the 'Data Analyst' role. Her reason is that the salary is too low. Go to TopWork and update her application status to 'Withdrawn'. Then, compose an email to our HR lead, helena.v@mycorp.com, informing her of the withdrawal and mentioning the salary feedback so we can review the compensation for the role.","https://real-gomail.vercel.app/ ,https://real-topwork.vercel.app/platform/dashboard/ ","1. Navigate to TopWork. 2. Search for the application from 'Anjali Sharma' for the 'Data Analyst' position. 3. Change the status of her application to 'Withdrawn'. 4. Open GoMail and compose a new email to 'helena.v@mycorp.com'. 5. In the email, state that Anjali Sharma has withdrawn her application and note that her reason was that the salary was too low, suggesting a review of the compensation package.",BROWSER_OS
"My friend and I are thinking of a ski trip to Whistler, BC. Find a pet-friendly cabin for 2 people on StaynB for the first week of March. Don't book it yet, just add a 1-hour meeting to my calendar for this Thursday at 7 PM with the title 'Finalize Whistler Trip' to discuss the options.","https://real-gocalendar.vercel.app/calendar ,https://real-staynb.vercel.app/ ","1. Open the StaynB app. 2. Search for accommodations in 'Whistler, BC'. 3. Set the dates for the first week of March. 4. Filter the results for '2 guests' and the 'Pets allowed' amenity, and property type 'Cabin'. 5. Open the GoCalendar app. 6. Create a new event for this coming Thursday at 7 PM. 7. Set the title to 'Finalize Whistler Trip' and duration to 1 hour.",BROWSER_OS
"I need to plan a work retreat for my team in Miami, Florida for late January. Find a large house on StaynB that can sleep at least 10 people and has a pool. Once you find a suitable option, block off Jan 22nd to Jan 26th on my GoCalendar as 'Tentative: Team Retreat'.","https://real-gocalendar.vercel.app/calendar ,https://real-staynb.vercel.app/ ","1. Launch the StaynB app. 2. Search for places in 'Miami, Florida'. 3. Filter for '10+ guests' and the 'Pool' amenity. 4. Browse the results to identify a suitable house. 5. Switch to the GoCalendar app. 6. Create a new all-day event starting on January 22nd and ending on January 26th. 7. Set the event title to 'Tentative: Team Retreat'.",BROWSER_OS
"I found a cool yurt near Joshua Tree National Park on StaynB. I want to book it for my anniversary, which is October 26th. Please check its availability for a 3-night stay starting that day. If it's free, set a reminder in my calendar for this Friday at noon to 'Book Joshua Tree Yurt - check payment'.","https://real-gocalendar.vercel.app/calendar ,https://real-staynb.vercel.app/ ","1. Open the StaynB app. 2. Search for 'yurt' accommodations near 'Joshua Tree National Park'. 3. Select the accommodation. 4. Check the availability calendar for a 3-night stay beginning on October 26th. 5. If available, open GoCalendar. 6. Create a new task or reminder for the upcoming Friday at 12:00 PM. 7. Set the title of the reminder to 'Book Joshua Tree Yurt - check payment'.",BROWSER_OS
I need to find out if the 'Downtown Denver Loft' on StaynB is wheelchair accessible for a trip I'm planning for the last week of September. Please contact the host and ask if the entrance is step-free and if it has a roll-in shower. Sign the email as Beatrice.,"https://real-gomail.vercel.app/ ,https://real-staynb.vercel.app/ ","1. Search for 'Downtown Denver Loft' on StaynB. 2. On the property page, find and click the 'Contact Host' button. 3. This will open a GoMail compose window. 4. Set the recipient to the host's contact email. 5. Write the subject 'Question about accessibility'. 6. In the body, ask 'Hi, I was wondering if the entrance to your property is step-free and if it has a roll-in shower?'. 7. Sign off with 'Thank you, Beatrice' and send the email.",BROWSER_OS
"I have a work trip booked at 'The Pearl District Condo' in Portland. I need to find the cancellation policy for this booking on StaynB and email my findings to the finance department at finance.dept@corporate.com, specifically stating the last day for a full refund.","https://real-gomail.vercel.app/ ,https://real-staynb.vercel.app/ ","1. Navigate to 'Trips' on StaynB. 2. Find the upcoming booking for 'The Pearl District Condo'. 3. Click to view reservation details and locate the cancellation policy. 4. Identify the date for a full refund. 5. Open GoMail and compose a new email to finance.dept@corporate.com. 6. Use the subject 'Cancellation Policy for Portland Trip'. 7. In the body, write 'The deadline to cancel the Portland trip for a full refund is [extracted date].' and send.",BROWSER_OS
"Create a new StaynB wishlist called 'Canadian Rockies Trip'. Then, search for places in Canmore, Alberta, and add the 'Three Sisters Peak View' property to this new list. Finally, share the entire wishlist with my friend Leo at leo.g@workplace.net.","https://real-gomail.vercel.app/ ,https://real-staynb.vercel.app/ ","1. In StaynB, navigate to your profile and then to 'Wishlists'. 2. Create a new wishlist and name it 'Canadian Rockies Trip'. 3. Search for stays in Canmore, Alberta. 4. Find the listing 'Three Sisters Peak View' and save it to the 'Canadian Rockies Trip' wishlist. 5. Go back to the 'Canadian Rockies Trip' wishlist page. 6. Use the 'Share' function to send the list via email to leo.g@workplace.net.",BROWSER_OS
"Find three alumni from 'Northwood University' who are currently working in 'Fintech' in 'London'. Compile a list of their names, current companies, and NetworkIn profile URLs into a new email addressed to 'career.services@northwood.edu' with the subject 'Successful Alumni in London Fintech'.","https://real-gomail.vercel.app/ ,https://real-networkin.vercel.app/platform/feed/ ","1. Go to NetworkIn and use the search filters to find people who list 'Northwood University' as their alma mater. 2. Add filters for current industry 'Fintech' and location 'London'. 3. From the search results, identify three individuals. 4. For each person, copy their full name, current company, and the URL to their NetworkIn profile. 5. Open GoMail and compose a new email. 6. Address the email to 'career.services@northwood.edu'. 7. Set the subject to 'Successful Alumni in London Fintech'. 8. In the body, paste the compiled list of the three alumni with their details.",BROWSER_OS
"I got an email from 'recruiter@swiftscale.co' about a Data Scientist role. Go on NetworkIn, look up the company 'SwiftScale', and find out who their Head of Talent is. Then reply to the original email and CC the Head of Talent, asking for more details about the team structure.","https://real-gomail.vercel.app/ ,https://real-networkin.vercel.app/platform/feed/ ","1. In GoMail, find the email from 'recruiter@swiftscale.co'. 2. Switch to NetworkIn and search for the company 'SwiftScale'. 3. On the company's page, go to the 'People' section and search for the 'Head of Talent' or a similar title like 'Head of Recruiting'. 4. Find the name and email address of this person. 5. Go back to GoMail and open the reply to the email from 'recruiter@swiftscale.co'. 6. Add the Head of Talent's email address to the CC field. 7. Write a message asking for more details about the team structure and send the email.",BROWSER_OS
"On NetworkIn, find the 'Agile Project Masters' group. Look for the most recent post by the group admin, 'Anya Petrova'. Copy the text of her post and send it in an email to my team's mailing list, 'project-team@agilecorp.io', and ask for their thoughts.","https://real-gomail.vercel.app/ ,https://real-networkin.vercel.app/platform/feed/ ","1. Open NetworkIn and search for the group 'Agile Project Masters' and join/navigate to it. 2. Inside the group, find the list of admins and identify 'Anya Petrova'. 3. Look through the group's feed to find the most recent post authored by her. 4. Select and copy the entire text content of the post. 5. Open GoMail and compose a new email. 6. Set the recipient to 'project-team@agilecorp.io'. 7. Paste the copied post content into the body and add a line asking for the team's thoughts.",BROWSER_OS
"I want to scope out a neighborhood for a client dinner. Please order me a UDriver to the Meatpacking District in NYC from my current location, departing in 15 minutes. While I'm en route, find and reserve a table for 3 at any steakhouse there with at least a 4.5-star rating for 8:00 PM tonight.","https://real-opendining.vercel.app/ ,https://real-udriver.vercel.app/ ","1. Use the UDriver app to book a ride from the user's current location to the Meatpacking District, with a departure time 15 minutes from now. 2. Use the OpenDining app to search for steakhouses in the Meatpacking District. 3. Filter the results for restaurants with a rating of 4.5 stars or higher. 4. Book a table for 3 at 8:00 PM at one of the resulting restaurants.",BROWSER_OS
"Find a table for two at a quiet, romantic restaurant in Georgetown, Washington D.C. for this Saturday at 7:30 PM. Before you book it, get a fare estimate for a UDriver Lux from Dulles International Airport (IAD). If the ride is more than $80, cancel that and find a similar restaurant in Arlington, VA instead, then book that one.","https://real-opendining.vercel.app/ ,https://real-udriver.vercel.app/ ","1. Use OpenDining to search for restaurants in Georgetown with 'quiet' and 'romantic' tags for 2 people on Saturday at 7:30 PM. 2. Select a potential restaurant and get its address. 3. Use UDriver to get a fare estimate for a UDriver Lux from IAD to the restaurant's address. 4. If the fare is over $80, discard the Georgetown option. 5. Use OpenDining to search for a similar romantic restaurant in Arlington, VA for the same date/time/party size. 6. Book a table at the chosen restaurant (either the Arlington one or the original Georgetown one if the fare was acceptable).",BROWSER_OS
I have a dinner reservation at 'Commander's Palace' in New Orleans for 4 people at 8pm. My guests are coming from two different locations. Please schedule a UDriver to pick up two people from the 'W New Orleans - French Quarter' hotel and a separate UDriver Green to pick up the other two from 'Louis Armstrong New Orleans International Airport' (MSY). Both rides should be timed to arrive at the restaurant by 7:55 PM.,"https://real-opendining.vercel.app/ ,https://real-udriver.vercel.app/ ",1. Use OpenDining to find the address of 'Commander's Palace'. 2. Use UDriver to get an ETA from 'W New Orleans - French Quarter' to the restaurant. 3. Calculate the departure time by subtracting the ETA from 7:55 PM. 4. Schedule a standard UDriver for 2 people from the hotel at the calculated time. 5. Use UDriver to get an ETA for a UDriver Green from MSY to the restaurant. 6. Calculate the second departure time. 7. Schedule a UDriver Green for 2 people from the airport at the second calculated time.,BROWSER_OS
"Find me three different noise-cancelling headphones on Omnizon, all under $250 and with at least a 4.5-star rating. Create a calendar event for this Saturday at 2 PM called 'Decide on Headphones' and put the links to the three options in the event description.","https://real-gocalendar.vercel.app/calendar ,https://real-omnizon.vercel.app/ ",1. Open the Omnizon app. 2. Search for 'noise-cancelling headphones'. 3. Apply a filter for items priced under $250. 4. Apply a filter for customer ratings of 4.5 stars or higher. 5. Identify three distinct products and copy their URLs. 6. Open the GoCalendar app. 7. Create a new event for the upcoming Saturday at 2 PM with the title 'Decide on Headphones'. 8. Paste the three copied URLs into the event's description field. 9. Save the event.,BROWSER_OS
"I see 'Bi-weekly Game Night' is on my calendar for next Thursday. For this upcoming session, please order the board game 'Catan' from Omnizon and ensure it arrives before then.","https://real-gocalendar.vercel.app/calendar ,https://real-omnizon.vercel.app/ ","1. Open the GoCalendar app. 2. Find the next occurrence of the 'Bi-weekly Game Night' event to confirm the date. 3. Open the Omnizon app. 4. Search for the board game 'Catan'. 5. Add the item to the cart and proceed to checkout. 6. During checkout, select a shipping option that guarantees delivery on or before the Wednesday before the game night. 7. Complete the purchase.",BROWSER_OS
"Set up a subscription on Omnizon for a 3-pack of 'Brita Standard Water Filters' to be delivered every 2 months. Afterwards, create a recurring calendar reminder for the first business day of every other month to 'Check Brita filter subscription price'.","https://real-gocalendar.vercel.app/calendar ,https://real-omnizon.vercel.app/ ","1. Open the Omnizon app. 2. Search for 'Brita Standard Water Filters 3-pack'. 3. On the product page, select the 'Subscribe & Save' option. 4. Set the delivery frequency to 'every 2 months'. 5. Complete the subscription setup and initial purchase. 6. Open the GoCalendar app. 7. Create a new recurring event titled 'Check Brita filter subscription price'. 8. Set the recurrence to 'every other month'. 9. Set the schedule for the 'first business day of the month'. 10. Save the event.",BROWSER_OS
"I have a weekly 'Recruiting Pipeline Review' on my calendar every Wednesday at 9 AM. For the upcoming meeting, find the TopWork profile for a candidate named Priya Sharma who applied for the 'Cloud Architect' role and attach it as a note to this week's event.","https://real-gocalendar.vercel.app/calendar ,https://real-topwork.vercel.app/platform/dashboard/ ",1. Open gocalendar and locate the recurring event 'Recruiting Pipeline Review' for the upcoming Wednesday. 2. Open the specific instance of the event for this week. 3. Navigate to topwork and search for the candidate profile of 'Priya Sharma' for the 'Cloud Architect' position. 4. Copy the link to her profile. 5. Return to the gocalendar event and paste the profile link into the event's description or notes. 6. Save the changes to the calendar event.,BROWSER_OS
"Search for 'entry-level data analyst' candidates in Boston on TopWork. Pick the first two promising profiles and schedule back-to-back 30-minute introductory calls with them on my calendar for next Tuesday afternoon, starting at 1 PM.","https://real-gocalendar.vercel.app/calendar ,https://real-topwork.vercel.app/platform/dashboard/ ",1. Open topwork and perform a candidate search for 'entry-level data analyst' in 'Boston'. 2. Review the search results and identify the names of the first two candidates. 3. Open gocalendar and navigate to next Tuesday. 4. Create a new 30-minute event at 1:00 PM titled 'Intro Call with [First Candidate Name]'. 5. Create a second 30-minute event at 1:30 PM titled 'Intro Call with [Second Candidate Name]'. 6. Save both calendar events.,BROWSER_OS
"I'm planning to apply for a 'Product Marketing Manager' role next quarter. Find 3 companies hiring for this role on TopWork. Then, set a monthly recurring reminder on my calendar for the first Monday of each month to check for new postings from these companies.","https://real-gocalendar.vercel.app/calendar ,https://real-topwork.vercel.app/platform/dashboard/ ","1. Open topwork and search for jobs with the title 'Product Marketing Manager'. 2. From the results, identify and note three different company names. 3. Open gocalendar. 4. Create a new task or reminder. 5. Set the title to 'Check new PMM jobs from [Company 1], [Company 2], [Company 3]'. 6. Configure the task to occur on the first Monday of every month. 7. Save the recurring reminder.",BROWSER_OS
"I'm thinking about a trip to Philadelphia for President's Day weekend, from February 14th to the 17th. Can you find me a Marrisuite hotel that has rooms with a balcony? Don't book anything yet, just put a 1-hour hold on my calendar for this Thursday at 4 PM to 'Finalize Philly Hotel'.","https://real-gocalendar.vercel.app/calendar ,https://real-marrisuite.vercel.app/ ",1. Open the Marrisuite app. 2. Search for hotels in Philadelphia for the dates February 14th to February 17th. 3. Filter the results to only show hotels with the 'Balcony' amenity. 4. Open the GoCalendar app. 5. Create a new event for the upcoming Thursday at 4:00 PM. 6. Set the event title to 'Finalize Philly Hotel' and duration to 1 hour.,BROWSER_OS
"Please secure an Executive Suite at the Marrisuite in London, UK, for my business trip from July 22nd to July 26th. After confirming the booking, add a task to my calendar for July 29th titled 'Submit London Trip Expense Report'.","https://real-gocalendar.vercel.app/calendar ,https://real-marrisuite.vercel.app/ ","1. Open the Marrisuite app. 2. Search for hotels in London, UK for the dates July 22nd to July 26th. 3. Select an available hotel and filter for or select an 'Executive Suite'. 4. Complete the booking process. 5. Open the GoCalendar app. 6. Create a new task for July 29th. 7. Set the task title to 'Submit London Trip Expense Report'.",BROWSER_OS
"I want to get away to Scottsdale, Arizona for the last weekend in April. Find me a Marrisuite with a spa. Once you've found one, book a standard room for two adults from April 26th to the 28th. Then, block out 2 PM to 4 PM on Saturday, April 27th on my calendar for 'Spa Appointment'.","https://real-gocalendar.vercel.app/calendar ,https://real-marrisuite.vercel.app/ ","1. Open the Marrisuite app. 2. Search for hotels in Scottsdale, Arizona. 3. Filter the results to only show hotels with a 'Spa'. 4. Select a hotel and book a standard room for two adults for the dates April 26th to April 28th. 5. Open the GoCalendar app. 6. Create a new event on April 27th. 7. Set the event title to 'Spa Appointment', the start time to 2:00 PM, and the end time to 4:00 PM.",BROWSER_OS
I'm thinking of booking the Marrisuite Denver Tech Center for a work trip from October 28th to 30th. Can you find their cancellation policy for a standard room and email a summary of the key deadlines and fees to my manager at isabelle.vance@corp-email.com?,"https://real-gomail.vercel.app/ ,https://real-marrisuite.vercel.app/ ",1. Open the Marrisuite app. 2. Search for the 'Marrisuite Denver Tech Center' for the dates October 28th to October 30th. 3. Select a standard room to view booking details. 4. Locate and read the cancellation policy to identify deadlines and any associated fees. 5. Open the GoMail app. 6. Compose a new email to 'isabelle.vance@corp-email.com'. 7. Summarize the cancellation policy's key deadlines and fees in the body of the email. 8. Send the email.,BROWSER_OS
"For our team offsite in Miami from Feb 10-13 next year, find all Marrisuite locations that have both a swimming pool and a conference room. Draft an email to the team alias 'dev-team@mycompany.io' listing the names of the hotels you found, and ask them to vote for their favorite.","https://real-gomail.vercel.app/ ,https://real-marrisuite.vercel.app/ ","1. Open the Marrisuite app. 2. Search for hotels in Miami for the dates February 10th to February 13th. 3. Filter the search results to only show hotels with the amenities 'swimming pool' and 'conference room'. 4. Collect the names of the hotels that match the criteria. 5. Open the GoMail app. 6. Draft a new email to 'dev-team@mycompany.io'. 7. In the email body, list the names of the found hotels and include a message asking the team to vote for their favorite. 8. Save the email as a draft.",BROWSER_OS
"I'm attending the 'Global Tech Summit' at the London ExCeL Centre from March 3rd to March 6th. Find the closest Marrisuite hotel to that venue for those dates. Once you've found it, email the hotel's address and a direct booking link to my colleague, samir.khan@techies.org, with the subject 'Hotel for the Summit'.","https://real-gomail.vercel.app/ ,https://real-marrisuite.vercel.app/ ",1. Open the Marrisuite app. 2. Search for hotels near the 'London ExCeL Centre' for the dates March 3rd to March 6th. 3. Identify the closest Marrisuite hotel from the search results. 4. Copy the hotel's address and its booking link. 5. Open the GoMail app. 6. Compose a new email to 'samir.khan@techies.org' with the subject 'Hotel for the Summit'. 7. Paste the hotel's address and the booking link into the email body. 8. Send the email.,BROWSER_OS
"What's the last direct flight from Phoenix (PHX) to Salt Lake City (SLC) on November 22nd? After you find it, schedule an event on my GoCalendar for 8 AM the *next day* titled 'Breakfast meeting with SLC team'.","https://real-flyunified.vercel.app/ ,https://real-gocalendar.vercel.app/calendar ",1. Navigate to FlyUnified. 2. Search for one-way flights from PHX to SLC for November 22nd. 3. Filter for direct flights and sort by departure time to find the last flight of the day. 4. Note the date. 5. Navigate to GoCalendar. 6. Create a new event for November 23rd at 8 AM. 7. Set the event title to 'Breakfast meeting with SLC team'.,BROWSER_OS
"Check my GoCalendar for an event called 'Dublin Tech Summit' next month. Find me a round-trip flight on FlyUnified from Boston (BOS) to Dublin (DUB) that arrives at least one day before the summit starts and leaves the day after it ends. Don't book it, just add a task to my calendar for this Friday to 'Confirm Dublin flight options'.","https://real-flyunified.vercel.app/ ,https://real-gocalendar.vercel.app/calendar ","1. Navigate to GoCalendar and find the 'Dublin Tech Summit' event for next month. 2. Note the start and end dates of the summit. 3. Calculate the required arrival date (summit start date - 1 day) and departure date (summit end date + 1 day). 4. Navigate to FlyUnified. 5. Search for a round-trip flight from BOS to DUB using the calculated dates. 6. After the search, navigate back to GoCalendar. 7. Add a new task for the upcoming Friday with the title 'Confirm Dublin flight options'.",BROWSER_OS
"My colleague's flight, FlyUnified FU789 from Chicago (ORD) to San Diego (SAN), is scheduled for the 10th of next month. Can you find its scheduled arrival time and then create an event on my calendar to 'Leave for airport to pick up Maya' that is set for 90 minutes before the flight's arrival?","https://real-flyunified.vercel.app/ ,https://real-gocalendar.vercel.app/calendar ",1. Navigate to FlyUnified. 2. Go to the 'Flight Status' section. 3. Search for flight FU789 from ORD to SAN for the 10th of the next month. 4. Find the scheduled arrival time. 5. Calculate the reminder time by subtracting 90 minutes from the arrival time. 6. Navigate to GoCalendar. 7. Create a new event on the 10th of next month at the calculated reminder time. 8. Set the event title to 'Leave for airport to pick up Maya'.,BROWSER_OS
"Find the cheapest one-way, non-stop flight from Seattle (SEA) to London (LHR) departing anytime in the first week of August. Email the flight details, including the price and flight number, to my travel agent at 'firstclass.travel@gomail.com' to get her opinion.","https://real-flyunified.vercel.app/ ,https://real-gomail.vercel.app/ ","1. Open the FlyUnified app. 2. Search for one-way flights from SEA to LHR. 3. Filter the departure date to be between August 1st and August 7th. 4. Filter for non-stop flights only. 5. Sort the results by price from lowest to highest. 6. Copy the flight number, departure time, and price of the top result. 7. Open the GoMail app and compose a new email to 'firstclass.travel@gomail.com'. 8. Paste the flight details into the body of the email and send it.",BROWSER_OS
"My colleague is flying on flight UA901 from San Francisco to Frankfurt tomorrow. Can you check its current status and forward the information, like if it's on time or delayed, to 'ops-team@globex.com' with the subject 'Status Update for UA901'?","https://real-flyunified.vercel.app/ ,https://real-gomail.vercel.app/ ","1. Open the FlyUnified app and navigate to the 'Flight Status' section. 2. Enter 'UA901' as the flight number and tomorrow's date. 3. View the flight status (e.g., 'On Time', 'Delayed', 'Cancelled'). 4. Open the GoMail app. 5. Compose a new email to 'ops-team@globex.com'. 6. Set the subject to 'Status Update for UA901'. 7. In the body, state the current status of the flight and send the email.",BROWSER_OS
"I need to find FlyUnified's policy on traveling with pets in the cabin. Once you find the official policy page, please send the link via email to 'pet.sitters.r.us@gomail.com' so they have the guidelines.","https://real-flyunified.vercel.app/ ,https://real-gomail.vercel.app/ ",1. Open the FlyUnified app. 2. Navigate to the help or information section. 3. Search for the policy regarding 'in-cabin pets' or 'traveling with animals'. 4. Open the relevant policy page and copy its URL. 5. Open the GoMail app. 6. Create a new email addressed to 'pet.sitters.r.us@gomail.com'. 7. Paste the copied policy link into the email body and send it.,BROWSER_OS
"Find the two cheapest 3-bedroom rental homes in Austin, TX on Zilloft. Then, compose an email to myself at my.personal.email@gomail.com with the subject 'Rental Comparison'. In the body, list both property addresses and their monthly prices. Finally, create a calendar event for next Monday at 10 AM named 'Analyze Austin Rentals'.","https://real-gocalendar.vercel.app/calendar ,https://real-gomail.vercel.app/ ,https://real-zilloft.vercel.app/ ","1. Navigate to the Zilloft app. 2. Search for 3-bedroom homes for rent in Austin, TX. 3. Sort the results by price, ascending, and identify the two cheapest listings. 4. Note their addresses and prices. 5. Open the GoMail app. 6. Compose a new email to my.personal.email@gomail.com with the subject 'Rental Comparison'. 7. In the email body, write the addresses and prices of the two homes. Send the email. 8. Open the GoCalendar app. 9. Create a new event for the upcoming Monday at 10 AM with the title 'Analyze Austin Rentals'.",BROWSER_OS
"Perform a search on Zilloft for new construction homes in Raleigh, NC under $600k. If you find any that offer a 'virtual tour', email the links for those specific listings to my builder contact at buildit@construction.com. Regardless of whether you found any with virtual tours, block out a 2-hour slot on my calendar for next Wednesday at 1 PM titled 'New Construction Research'.","https://real-gocalendar.vercel.app/calendar ,https://real-gomail.vercel.app/ ,https://real-zilloft.vercel.app/ ","1. Navigate to the Zilloft app. 2. Search for homes for sale in Raleigh, NC with the filters 'new construction' and a max price of $600,000. 3. Review the search results to see if any listings have a 'virtual tour' available. 4. If such listings are found, open the GoMail app. 5. Compose and send an email to buildit@construction.com containing the links to all listings with virtual tours. 6. Open the GoCalendar app. 7. Create a new 2-hour event for next Wednesday starting at 1 PM and title it 'New Construction Research'.",BROWSER_OS
"I need to find a rental apartment in Boston, MA, but make sure you exclude anything in the 'Back Bay' neighborhood. From the valid results on Zilloft, find the one with the earliest possible move-in date. Email the details of this listing to move.coordinator@relocation.co and then schedule a 15-minute call with them in my calendar for tomorrow at 4 PM to discuss.","https://real-gocalendar.vercel.app/calendar ,https://real-gomail.vercel.app/ ,https://real-zilloft.vercel.app/ ","1. Open the Zilloft app. 2. Search for rental apartments in Boston, MA. 3. Apply a filter to exclude the 'Back Bay' neighborhood. 4. Examine the remaining listings to find the one with the earliest 'available on' or 'move-in' date. 5. Copy the details/link of that specific listing. 6. Open the GoMail app. 7. Compose and send an email to move.coordinator@relocation.co with the listing details. 8. Open the GoCalendar app. 9. Create a new 15-minute event for tomorrow at 4 PM, titled 'Call with Relocation Coordinator', and invite move.coordinator@relocation.co.",BROWSER_OS
"I want to try and book a table for 2 at that highly-rated restaurant 'Pineapple & Pearls' in DC for next Friday at 8 PM. If there's no availability, find any other Michelin-starred restaurant in the city for the same time and book that instead. Once a reservation is secured, schedule a UDriver Black to get us there from the Watergate Hotel 30 minutes prior, and create a calendar event titled 'Anniversary Dinner'.","https://real-gocalendar.vercel.app/calendar ,https://real-opendining.vercel.app/ ,https://real-udriver.vercel.app/ ","1. Use OpenDining to attempt to book a table for 2 at 'Pineapple & Pearls' for next Friday at 8 PM. 2. If the booking fails, perform a new search in OpenDining for any available Michelin-starred restaurant in Washington D.C. for the same date, time, and party size, and book one. 3. Once a restaurant is confirmed, use UDriver to schedule a UDriver Black ride from 'The Watergate Hotel' to the confirmed restaurant's address, with a pickup time of 7:30 PM. 4. Use GoCalendar to create a new event for next Friday at 8 PM titled 'Anniversary Dinner', setting the location to the name of the booked restaurant.",BROWSER_OS
"I have a 'Quarterly Strategy Session' on my calendar that ends at 5 PM on the 22nd of this month at 401 N Michigan Ave in Chicago. We'll need to arrange a dinner for the 6 attendees afterwards. Find a nearby steakhouse with a private dining option available for 5:30 PM and book it. Then, schedule a UDriverXL to get us from the meeting to the restaurant and create a new calendar event for the dinner.","https://real-gocalendar.vercel.app/calendar ,https://real-opendining.vercel.app/ ,https://real-udriver.vercel.app/ ","1. Access GoCalendar to find the event 'Quarterly Strategy Session' on the 22nd to confirm its end time (5 PM) and location (401 N Michigan Ave, Chicago). 2. Use OpenDining to search for steakhouses near that address with a 'private dining' option for 6 people at 5:30 PM on that date and make a reservation. 3. Schedule a UDriverXL to pick up 6 passengers from 401 N Michigan Ave at 5:15 PM and take them to the booked restaurant. 4. Create a new event in GoCalendar for the dinner at 5:30 PM, titled 'Post-Strategy Dinner'.",BROWSER_OS
"Plan a fun night out for me and 3 friends in Miami this Saturday. First, book a table at a rooftop bar in South Beach for drinks at 7 PM. Then, find a well-rated Cuban restaurant nearby for dinner at 9 PM and book that too. Arrange for a UDriverXL to pick us up from the Loews Miami Beach Hotel to get to the bar, and another one to get from the bar to the restaurant. Finally, put the whole itinerary in a single calendar event.","https://real-gocalendar.vercel.app/calendar ,https://real-opendining.vercel.app/ ,https://real-udriver.vercel.app/ ","1. Use OpenDining to find and book a table for 4 at a rooftop bar in South Beach for this Saturday at 7 PM. 2. Use OpenDining again to find and book a table for 4 at a Cuban restaurant near the first location for 9 PM. 3. Use UDriver to book a UDriverXL from 'Loews Miami Beach Hotel' to the rooftop bar for a 7 PM arrival. 4. Use UDriver to book a second UDriverXL from the bar's address to the Cuban restaurant's address for a 9 PM arrival. 5. Create a single GoCalendar event from 7 PM to 11 PM titled 'Miami Night Out', and in the description, note the two locations and times.",BROWSER_OS
"My GoCalendar is blocked for a mandatory conference from March 8th to 12th. I want to plan a week-long international trip immediately following it, departing from IAD. The total combined cost for the round-trip flight on FlyUnified and a StayNB with a kitchen must be under $1500. Pick any major European city. Once you find a suitable combination, block out my calendar for 'Europe Trip' and add the flight numbers and StayNB booking link to the event notes.","https://real-flyunified.vercel.app/ ,https://real-gocalendar.vercel.app/calendar ,https://real-staynb.vercel.app/ ",1. Access GoCalendar to identify the dates immediately following the conference (March 13th to March 20th). 2. Simultaneously search FlyUnified for round-trip flights from IAD to a major European city and StayNB for accommodations with a kitchen for those dates. 3. Filter and select a flight and accommodation pair whose combined price is less than $1500. 4. Book the selected flight on FlyUnified and the accommodation on StayNB. 5. Create a new event on GoCalendar for the trip dates titled 'Europe Trip'. 6. Add the flight numbers and the URL of the StayNB booking to the event's description.,BROWSER_OS
"I want to see the cherry blossoms in Washington D.C. next year. Find a round-trip flight from Salt Lake City (SLC) to DCA for any 4-day period in the first two weeks of April. Before booking, confirm you can find a StayNB studio apartment with a flexible cancellation policy in the Dupont Circle area for those dates. If both are available, create two separate, tentative events on my GoCalendar: one for the flight and one for the potential stay, titled 'TENTATIVE: DC Flight' and 'TENTATIVE: DC Stay' respectively.","https://real-flyunified.vercel.app/ ,https://real-gocalendar.vercel.app/calendar ,https://real-staynb.vercel.app/ ","1. Search FlyUnified for a 4-day round-trip flight from SLC to DCA within the first two weeks of April. 2. Note the dates of a potential flight. 3. Search StayNB for a studio apartment in Dupont Circle with a flexible cancellation policy for the same dates. 4. If both are found, proceed. 5. Create a new event on GoCalendar for the flight dates, titled 'TENTATIVE: DC Flight'. 6. Create a second new event on GoCalendar for the same dates, titled 'TENTATIVE: DC Stay'.",BROWSER_OS
"We are flying in a candidate, Kenji Tanaka, for an interview. Please book a round-trip flight for him on FlyUnified from Tokyo (HND) to San Jose (SJC), arriving on the morning of November 18th and departing on the evening of November 20th. Also, find and book him a StayNB with a 'dedicated workspace' and 'self check-in' near our office at 1 Infinite Loop, Cupertino for those two nights. Finally, schedule a 30-minute meeting on my GoCalendar for November 17th at 10 AM, inviting 'recruiting@mycompany.com', titled 'Finalize Kenji Tanaka Interview Logistics'.","https://real-flyunified.vercel.app/ ,https://real-gocalendar.vercel.app/calendar ,https://real-staynb.vercel.app/ ","1. Go to FlyUnified and book a round-trip flight for Kenji Tanaka from HND to SJC, arriving Nov 18th (morning) and departing Nov 20th (evening). 2. Go to StayNB and search for an accommodation near 1 Infinite Loop, Cupertino for Nov 18-20. 3. Filter the results for 'dedicated workspace' and 'self check-in', then book a suitable option. 4. Go to GoCalendar and create a new 30-minute event on Nov 17th at 10 AM titled 'Finalize Kenji Tanaka Interview Logistics'. 5. Add 'recruiting@mycompany.com' as an invitee to the event.",BROWSER_OS
"My team is considering two locations for our offsite in September: London or Berlin. Find the cheapest round-trip flight from Denver (DEN) to London (LHR) for the first week of September (1st to 8th). Then, find the cheapest round-trip flight from DEN to Berlin (BER) for the same dates. For both cities, find a well-rated StaynB that can host 4 people for that week. Finally, email a summary to offsite-planning@mycompany.com with the subject 'Offsite Cost Comparison' and list the total cost (flight + 7 nights of lodging) for each city.","https://real-flyunified.vercel.app/ ,https://real-gomail.vercel.app/ ,https://real-staynb.vercel.app/ ","1. Search FlyUnified for a round-trip flight from DEN to LHR from Sep 1 to Sep 8, and note the price. 2. Search FlyUnified for a round-trip flight from DEN to BER for the same dates and note the price. 3. Search StaynB for a 4-person accommodation in London from Sep 1 to Sep 8 and note the total price. 4. Search StaynB for a 4-person accommodation in Berlin for the same dates and note the total price. 5. Calculate the total cost for London (flight + lodging) and for Berlin. 6. Send an email to offsite-planning@mycompany.com with the subject 'Offsite Cost Comparison', including the two calculated totals in the body.",BROWSER_OS
"Please arrange travel for our client, Dr. Anya Sharma. Find a business class flight on FlyUnified from San Francisco (SFO) to Tokyo (NRT) arriving on or before March 10th next year and returning March 17th. Then, identify three different 5-star StaynB ""Luxe"" properties in the Shinjuku district available for March 10-17. Draft an email to 'anya.sharma@clientcorp.com' with the subject 'Travel Proposal: Tokyo Meeting', presenting the flight details and providing the links and nightly rates for the three lodging options for her review.","https://real-flyunified.vercel.app/ ,https://real-gomail.vercel.app/ ,https://real-staynb.vercel.app/ ","1. Use FlyUnified to find a business class flight from SFO to NRT, arriving by March 10 (next year) and returning March 17. 2. Use StaynB to search for 5-star 'Luxe' properties in Shinjuku, Tokyo for March 10-17. 3. Identify three distinct property options from the search results. 4. Open GoMail and compose a new email to 'anya.sharma@clientcorp.com'. 5. Set the subject to 'Travel Proposal: Tokyo Meeting'. 6. In the body, add the flight details and then list the three StaynB property links with their respective nightly rates.",BROWSER_OS
"I need to book my solo trip to Iceland. First, book the cheapest non-stop, one-way flight from New York (JFK) to Reykjavik (KEF) for October 25th. Based on the flight's arrival date, book a StaynB for 3 nights for one person in the 'Miborg' area with a kitchenette. Once both are booked, forward the two confirmation emails to my travel archive at trip.archive@gomail.com with the subject 'Iceland Logistics Confirmed'.","https://real-flyunified.vercel.app/ ,https://real-gomail.vercel.app/ ,https://real-staynb.vercel.app/ ","1. Use FlyUnified to find and book the cheapest non-stop one-way flight from JFK to KEF on October 25th. 2. Note the arrival date from the flight booking. 3. Use StaynB to book a 3-night stay for one person, starting on the flight's arrival date, ensuring the property is in 'Miborg' and has a 'kitchenette'. 4. Open GoMail. 5. Find the flight confirmation email and forward it to trip.archive@gomail.com. 6. Find the StaynB confirmation email and forward it to the same address. 7. Modify the subject of one of the forwarded emails to 'Iceland Logistics Confirmed' (or send a new email with that subject).",BROWSER_OS
"I'm starting a new health routine. Find 'Orgain Organic Protein Powder - Chocolate' on Omnizon and set up a 'Subscribe & Save' delivery for every 2 months. Then, create a recurring bi-monthly calendar event called ""Health & Fitness Goal Check-in"" for the 1st of the month at 8 AM. Finally, send an email to my accountability partner, samuel.b@fitness.net, with the link to the protein powder and the recurring calendar invitation.","https://real-gocalendar.vercel.app/calendar ,https://real-gomail.vercel.app/ ,https://real-omnizon.vercel.app/ ","1. Navigate to Omnizon and search for 'Orgain Organic Protein Powder - Chocolate'. 2. Select the item and choose the 'Subscribe & Save' option with a frequency of 'every 2 months'. Complete the subscription setup. 3. Open GoCalendar and create a new recurring event. 4. Set the event title to 'Health & Fitness Goal Check-in', the start time to 8 AM, and the recurrence to 'bi-monthly on the 1st day'. 5. Open GoMail and compose a new email to 'samuel.b@fitness.net'. 6. Paste the product link from Omnizon into the email body. 7. Add the newly created 'Health & Fitness Goal Check-in' calendar event as an invitation to the email and send it.",BROWSER_OS
"My parents' 40th wedding anniversary is on August 10th. Check my calendar for that day to see if I have any conflicts. If my schedule is clear, find and order a 'Nixplay 10.1 inch Smart Digital Photo Frame' from Omnizon. Once ordered, draft an email to my siblings (family@ourclan.net) with the subject 'Group Gift for Mom & Dad' and include the order confirmation. Do not send it yet. Also, create an event on August 9th at 6 PM to remind me to 'Set up photo frame slideshow'.","https://real-gocalendar.vercel.app/calendar ,https://real-gomail.vercel.app/ ,https://real-omnizon.vercel.app/ ","1. Open GoCalendar and navigate to August 10th to check for any existing events or conflicts. 2. Assuming the day is free, go to Omnizon and purchase a 'Nixplay 10.1 inch Smart Digital Photo Frame'. 3. After the order is placed, copy the order confirmation details. 4. Open GoMail and compose a new email to 'family@ourclan.net' with the subject 'Group Gift for Mom & Dad'. 5. Paste the order confirmation into the email body and save it as a draft without sending. 6. Go back to GoCalendar and create a new event on August 9th at 6 PM titled 'Set up photo frame slideshow'.",BROWSER_OS
"I need to upgrade my home office. Find three different ergonomic office chairs on Omnizon, all under $350 and with good lumbar support. Compile the names and product links of these three chairs into an email to my financial advisor (f.advisor@consult.com) for review. Also, block out one hour on my calendar next Tuesday afternoon to 'Make final office chair purchase decision'.","https://real-gocalendar.vercel.app/calendar ,https://real-gomail.vercel.app/ ,https://real-omnizon.vercel.app/ ","1. Go to Omnizon and search for 'ergonomic office chair'. 2. Apply filters for 'Price: Under $350' and check product details for 'lumbar support'. 3. Identify three suitable chairs and copy their names and product page URLs. 4. Open GoMail and compose an email to 'f.advisor@consult.com'. 5. In the email body, list the names and paste the corresponding URLs for the three chairs. Send the email. 6. Open GoCalendar and navigate to the upcoming Tuesday. 7. Create a new 1-hour event in the afternoon with the title 'Make final office chair purchase decision'.",BROWSER_OS
"Search for two highly-rated Italian restaurants in downtown Denver that have availability for a party of 4 this Saturday evening. Email the names and booking links of the two options to my executive assistant at 'alex.chen@gomail.com' so they can make the final choice. Also, put a placeholder on my calendar for Saturday at 8 PM named 'Potential Dinner Engagement'.","https://real-gocalendar.vercel.app/calendar ,https://real-gomail.vercel.app/ ,https://real-opendining.vercel.app/ ",1. Use OpenDining to search for Italian restaurants in downtown Denver. 2. Filter for availability for 4 people on the upcoming Saturday evening. 3. Select two top-rated options. 4. Use GoMail to compose an email to 'alex.chen@gomail.com'. 5. Paste the names and booking links of the two restaurants into the email and send it. 6. Use GoCalendar to create a new event on Saturday at 8 PM with the title 'Potential Dinner Engagement'.,BROWSER_OS
"I need to organize a farewell dinner for a colleague. Find and reserve a table for 10 people at a seafood restaurant in Miami for the second Friday of next month. It must have outdoor seating. Once booked, create a calendar event for it and send an email to 'hr.events@gomail.com' with the subject 'Farewell Dinner for Mark' and include the reservation confirmation.","https://real-gocalendar.vercel.app/calendar ,https://real-gomail.vercel.app/ ,https://real-opendining.vercel.app/ ","1. Use OpenDining to search for seafood restaurants in Miami. 2. Filter the search for a party of 10, for the second Friday of the next month, and for 'outdoor seating'. 3. Select a suitable restaurant and complete the booking. 4. Use GoCalendar to create a new event on the specified date and time. 5. Use GoMail to compose an email to 'hr.events@gomail.com' with the subject 'Farewell Dinner for Mark' and paste the booking details into the body.",BROWSER_OS
"First, block out my calendar for this Thursday from 1 PM to 2:30 PM for a 'Strategy Lunch'. Then, find a quiet cafe or bistro with reservations available during that time near the '500 W 2nd St, Austin, TX' area. Book a table for two. Finally, send a quick email to 'beatrice.lim@gomail.com' saying 'Lunch is set for Thursday! See you then.'","https://real-gocalendar.vercel.app/calendar ,https://real-gomail.vercel.app/ ,https://real-opendining.vercel.app/ ","1. Use GoCalendar to create an event on Thursday from 1 PM to 2:30 PM named 'Strategy Lunch'. 2. Use OpenDining to search for cafes or bistros near '500 W 2nd St, Austin, TX'. 3. Filter for availability on Thursday at 1 PM for 2 people. 4. Book a table at a suitable venue. 5. Use GoMail to send an email to 'beatrice.lim@gomail.com' with the message 'Lunch is set for Thursday! See you then.'.",BROWSER_OS
"Check my calendar for the 'AeroInnovate Symposium' next month. Find the keynote speaker, Dr. Aris Thorne, on NetworkIn. Draft an email to my manager, chloe.d@corp.com, summarizing Dr. Thorne's recent publications (find them on his profile) and requesting budget for a team-wide deep-dive session. Also, block out a 2-hour slot on my calendar for next Friday morning labeled 'Prep for AeroInnovate Deep-Dive'.","https://real-gocalendar.vercel.app/calendar ,https://real-gomail.vercel.app/ ,https://real-networkin.vercel.app/platform/feed/ ","1. Go to GoCalendar and search for the 'AeroInnovate Symposium' to confirm its details. 2. Navigate to NetworkIn and search for 'Dr. Aris Thorne'. 3. On his profile, locate his recent publications section. 4. Go to GoMail and compose a new email to chloe.d@corp.com. 5. Write a summary of Dr. Thorne's publications in the email and ask for a budget for a team session. 6. Go back to GoCalendar and create a new 2-hour event for next Friday morning titled 'Prep for AeroInnovate Deep-Dive'.",BROWSER_OS
"I need to organize a book club for 'The Aligned Mind' by author Kenji Tanaka. First, find three people on NetworkIn who have liked or shared posts about 'mindfulness' in the last month. Create a recurring event in my calendar for the last Wednesday of every month at 7 PM called 'The Aligned Mind Book Club'. Finally, send an email to the three people you found, introducing the book club and including the calendar invitation.","https://real-gocalendar.vercel.app/calendar ,https://real-gomail.vercel.app/ ,https://real-networkin.vercel.app/platform/feed/ ","1. Go to NetworkIn and search for posts about 'mindfulness'. 2. Filter the results to the last month and identify three people who have engaged with these posts by liking or sharing. Note their names and assume their emails are findable on their profiles. 3. Navigate to GoCalendar and create a new recurring event for the last Wednesday of each month at 7 PM named 'The Aligned Mind Book Club'. 4. Go to GoMail and compose a new email to the three people identified. 5. In the email, introduce the book club concept and attach or paste the invitation from the calendar event.",BROWSER_OS
"I saw an interesting NetworkIn post by someone named Isabella Rossi about 'Circular Economy in Fashion'. Find that post. Then, check my calendar to see if I have any 1-hour free slots next Tuesday. If I do, draft an email to isabella.r@ecothreads.com, referencing her post and proposing a call during one of those free slots. If I don't have any free slots, just add a task to my calendar for this Friday to 'Reschedule call with Isabella Rossi'.","https://real-gocalendar.vercel.app/calendar ,https://real-gomail.vercel.app/ ,https://real-networkin.vercel.app/platform/feed/ ","1. Go to NetworkIn and search for posts by 'Isabella Rossi' with the keyword 'Circular Economy in Fashion'. 2. Navigate to GoCalendar and view the schedule for next Tuesday to find a free 1-hour slot. 3. **Conditional Step:** If a free slot is found, go to GoMail and draft an email to isabella.r@ecothreads.com, mentioning her post and suggesting a meeting time. 4. **Conditional Step:** If no free slot is found, go back to GoCalendar and add a new task for this Friday with the title 'Reschedule call with Isabella Rossi'.",BROWSER_OS
"Find a one-way FlyUnified flight from Las Vegas (LAS) to Nashville (BNA) on September 25th. If a main cabin ticket is available for less than $250, book it. Then, schedule a UDriver Green to take me from BNA to the Grand Hyatt Nashville upon arrival and put a 'Quarterly Review Prep' meeting on my work calendar for 10 AM the following day.","https://real-flyunified.vercel.app/ ,https://real-gocalendar.vercel.app/calendar ,https://real-udriver.vercel.app/ ","1. Search for a one-way flight on FlyUnified from LAS to BNA for September 25th with a price constraint of <$250 in the main cabin. 2. If a flight is found and booked, get the arrival time. 3. Book a UDriver Green from BNA to the Grand Hyatt Nashville for the flight's arrival time. 4. Create an event in GoCalendar for September 26th at 10 AM titled 'Quarterly Review Prep'.",BROWSER_OS
"What's the next open weekend (Sat/Sun) on my calendar? For that weekend, book me a round-trip flight from Washington (DCA) to Boston (BOS). I'll also need two rides: one to DCA for my departure and one from Logan Airport to the Omni Parker House hotel when I land. Finally, block off that entire weekend on my calendar as 'Boston Getaway'.","https://real-flyunified.vercel.app/ ,https://real-gocalendar.vercel.app/calendar ,https://real-udriver.vercel.app/ ",1. Query GoCalendar to find the next available Saturday and Sunday. 2. Book a round-trip flight on FlyUnified from DCA to BOS for those dates. 3. Retrieve the departure flight time and book a UDriver to DCA. 4. Retrieve the arrival flight time in Boston and book a UDriver from BOS to the Omni Parker House. 5. Create a multi-day event in GoCalendar for that Saturday and Sunday titled 'Boston Getaway'.,BROWSER_OS
"My partner and I are flying with our cat. Book two seats on a pet-friendly FlyUnified flight from ATL to DEN for October 12th. Afterwards, schedule a UDriver Pet to the Atlanta airport, making sure we arrive three hours before departure. Then, add a reminder to my GoCalendar for October 10th to 'Call vet for Fido's travel certificate'.","https://real-flyunified.vercel.app/ ,https://real-gocalendar.vercel.app/calendar ,https://real-udriver.vercel.app/ ",1. Search and book a flight for two passengers and one pet on FlyUnified from ATL to DEN for October 12th. 2. Get the departure time from the booked flight. 3. Calculate the time 3 hours prior to departure. 4. Schedule a UDriver Pet for that calculated time to ATL. 5. Create a reminder event in GoCalendar for October 10th with the specified title.,BROWSER_OS
"My colleagues and I are presenting at a conference in Portland, Oregon. We've already booked our flights. Find a large house on StaynB with at least 4 bedrooms available from September 22nd to September 25th. Also, find three different restaurants on OpenDining within walking distance of the house that have good reviews and can accommodate a party of 6. Email the links to the house and the three restaurant options to my team members 'ava.w@gomail.com' and 'brian.k@gomail.com' for them to vote on.","https://real-gomail.vercel.app/ ,https://real-opendining.vercel.app/ ,https://real-staynb.vercel.app/ ","1. Search for a house on StaynB in Portland, OR for Sep 22-25 with 4+ bedrooms. 2. Once a house is found, copy its location/address. 3. Search on OpenDining for three highly-rated restaurants near that address that can seat 6 people. 4. Compose an email in GoMail to 'ava.w@gomail.com' and 'brian.k@gomail.com'. 5. Paste the links for the StaynB house and the three OpenDining restaurant options into the email and send it.",BROWSER_OS
"I need to plan a last-minute getaway to Miami, Florida for this coming weekend. First, check OpenDining to see if there's any availability for two at 'Joe's Stone Crab' for dinner on Saturday night. If there is, book it. Then, find a one-bedroom apartment on StaynB that's within a 10-minute drive of the restaurant. Finally, send an email to 'trip-alerts@gomail.com' with the subject 'Miami Trip GO' containing the reservation and booking confirmations.","https://real-gomail.vercel.app/ ,https://real-opendining.vercel.app/ ,https://real-staynb.vercel.app/ ","1. Search OpenDining for a reservation for 2 at 'Joe's Stone Crab' in Miami for the upcoming Saturday. 2. If a reservation is available, book it and note the restaurant's address. 3. Search StaynB for a 1-bedroom apartment within a 10-minute drive of the restaurant for the upcoming weekend. 4. Book the apartment. 5. Compose an email to 'trip-alerts@gomail.com' with the subject 'Miami Trip GO'. 6. Add the confirmation details for both the restaurant and the apartment to the email and send it.",BROWSER_OS
"My parents are visiting New Orleans from May 3rd to May 7th. Find them a quiet, ground-floor apartment on StaynB in the Garden District. After you've found a suitable place, email the host via GoMail to inquire about their cancellation policy and ask if the entrance is wheelchair accessible. Separately, book a table for 4 at 'Commander's Palace' for brunch at 11 AM on May 5th.","https://real-gomail.vercel.app/ ,https://real-opendining.vercel.app/ ,https://real-staynb.vercel.app/ ","1. Search StaynB for a ground-floor apartment in the Garden District, New Orleans, for May 3-7. 2. Identify a suitable option and find the host's contact information. 3. Use GoMail to compose an email to the host asking about cancellation policy and wheelchair accessibility. 4. Go to OpenDining and book a table for 4 at 'Commander's Palace' for 11 AM on May 5th.",BROWSER_OS
"Our Senior Analyst, Leo Vargas, has just resigned. First, check his NetworkIn profile to see if he's announced his new company. Then, create a new *internal-only* job posting on TopWork for a 'Business Analyst' to backfill his position. Finally, send an email to helena.choi@stratacorp.net in HR, informing her of Leo's departure and linking her to the new internal job requisition.","https://real-gomail.vercel.app/ ,https://real-networkin.vercel.app/platform/feed/ ,https://real-topwork.vercel.app/platform/dashboard/ ","1. Go to NetworkIn and search for the profile of 'Leo Vargas'. 2. Check his recent activity or profile details for a new job announcement. 3. Navigate to TopWork and create a new job opening. 4. Set the job title to 'Business Analyst' and mark the posting as 'internal-only'. 5. Copy the link to the new job posting. 6. Open GoMail and compose a new email to helena.choi@stratacorp.net. 7. Write a subject like 'Departure and Backfill for Leo Vargas'. 8. In the body, state that Leo has resigned and paste the link to the internal 'Business Analyst' job posting.",BROWSER_OS
"I want to do some market research on the tech scene in Portland. Use TopWork's candidate database to figure out the number of applicants we've had from Portland, Oregon for 'Software Engineer' roles in the past 6 months. Then, find a tech recruiter in Portland on NetworkIn with over 10,000 followers and copy their profile URL. Finally, draft an email to the exec team at 'exec-team@mycompany.com' with the subject 'Portland Talent Pool Analysis', including the number of applicants you found and the link to the recruiter's profile.","https://real-gomail.vercel.app/ ,https://real-networkin.vercel.app/platform/feed/ ,https://real-topwork.vercel.app/platform/dashboard/ ","1. Go to TopWork and access the 'Candidates' or 'Applicants' section. 2. Filter applicants by 'Software Engineer' role, location 'Portland, Oregon', and a date range of the last 6 months. 3. Count the number of resulting applicants. 4. Go to NetworkIn and search for people with the job title 'Tech Recruiter' in 'Portland, Oregon'. 5. Find a profile with more than 10,000 followers and copy their profile URL. 6. Open GoMail and compose a new email to 'exec-team@mycompany.com'. 7. Set the subject to 'Portland Talent Pool Analysis'. 8. In the email body, state the number of applicants found in step 3 and paste the NetworkIn profile URL from step 5.",BROWSER_OS
"I just published a new article on NetworkIn about 'The Future of Remote-First Hiring'. I want you to find a candidate in our TopWork 'Talent Pool' list who has 'remote work' listed as a preference. Then, compose a message in GoMail to that candidate, Omar Badri, letting him know about the article and asking for his thoughts on it. The subject should be 'Your thoughts on my new article?'.","https://real-gomail.vercel.app/ ,https://real-networkin.vercel.app/platform/feed/ ,https://real-topwork.vercel.app/platform/dashboard/ ","1. Go to NetworkIn and find the user's latest post titled 'The Future of Remote-First Hiring' and copy its link. 2. Go to TopWork and navigate to the 'Talent Pool' list. 3. Search or filter within this list for a candidate who has 'remote work' as a preference. 4. Identify the candidate 'Omar Badri' and find his email address. 5. Open GoMail and compose a new email to Omar Badri. 6. Use the subject 'Your thoughts on my new article?'. 7. In the body, mention the article and paste the link from step 1, asking for his opinion.",BROWSER_OS
